id,title,dimensions,medium,price,detail_imgs,section,subsection,file
0,Silver triptych 1,9 x 12in,Oil on Paper,0,2,paint,2026,silver-3_SQKZ_riley-hoff.avif
1,Silver triptych 2,9 x 12in,Oil on Paper,0,1,paint,2026,silver-1_SQKZ_riley-hoff.avif
2,Silver triptych 3,9 x 12in,Oil on Paper,0,1,paint,2026,silver-2_SQKZ_riley-hoff.avif
3,Maia in Sicily,9 x 12in,Oil on Board,0,2,paint,2026,maia-sicily_SQKZ_riley-hoff.avif
4,Sitting,34 x 30in,Oil on Canvas,350,2,paint,2026,sitting_SQKZ_riley-hoff.avif
5,Rouge,30 x 40in,Oil on Canvas,600,4,paint,2024,rouge_SQKZ_riley-hoff.webp
6,Fuji,8 x 10in,Oil on Board,150,3,paint,2026,fuji_SQKZ_riley-hoff.avif
7,Springtime,9 x 12in,Oil on Board,200,3,paint,2024,springtime_SQKZ_riley-hoff.webp
8,R,18 x 24in,Oil on Canvas,300,4,paint,2024,r_SQKZ_riley-hoff.webp
9,Reach,9 x 12in,Oil on Board,150,2,paint,2026,reach_SQKZ_riley-hoff.avif
10,Petit Palais,8 x 16in,Oil on Canvas,250,2,paint,2024,ml-paris_SQKZ_Riley-Hoff.avif
11,Thanksgiving,9 x 12in,Oil on Paper,1111,3,paint,2024,thanksgiving_SQKZ_riley-hoff.webp
12,Untitled,9 x 12in,Oil on Board,1111,1,paint,2024,ballet_SQKZ_riley-hoff.webp
13,Bernadett,16 x 20in,Oil on Canvas,1111,4,paint,2022,bernadett_SQKZ_Riley-Hoff.jpg
14,Holly Grove,9 x 12in,Oil on Board,1111,1,paint,2024,holly-grove_SQKZ_riley-hoff.webp
15,Spider Plant,9 x 12in,Oil on Board,200,3,paint,2024,spider-plant_SQKZ_riley-hoff.webp
16,Old Westbury,9 x 12in,Oil on Board,250,2,paint,2024,westbury_SQKZ_riley-hoff.jpg
17,Bog,9 x 12in,Oil on Paper,100,1,paint,2026,bog_SQKZ_riley-hoff.avif
18,Photobooth,9 x 12in,Oil on Board,0,1,paint,2024,photobooth_SQKZ_riley-hoff.jpg
19,Cohasett - Untitled,9 x 12in,Oil on Board,1111,1,paint,2024,cohasett-impression_SQKZ_riley-hoff.webp
20,Memories,16 x 20in,Oil on Canvas,1111,2,paint,paint,memories_SQKZ_riley-hoff.jpg
21,Maia,9 x 12in,Oil on Board,0,3,paint,2024,maia-3_SQKZ_riley-hoff.webp
22,Cowboy Study,9 x 12in,Oil on Paper,1111,1,paint,2024,cowboy_SQKZ_riley-hoff.jpg
23,Some Clouds,5.5 x 12in,Oil on Board,0,1,paint,2024,clouds_SQKZ_riley-hoff.webp
24,Ioborda,9 x 12in,Oil on Canvas,1111,2,paint,2022,Ioborda_SQKZ_Riley-Hoff.jpg
25,Untitled,9 x 7in,Oil on Board,0,3,paint,2024,maia-back_SQKZ_riley-hoff.webp
26,June,12 x 16in,Oil on Canvas,1111,2,paint,2022,June_SQKZ_Riley-Hoff.jpg
27,Untitled,36 x 30in,Oil on Canvas,0,1,paint,2024,santos_SQKZ_riley-hoff.jpg
28,November,30 x 30in,Oil on Canvas,500,6,paint,q,November_SQKZ_Riley-Hoff.jpg
29,Maia,11 x 14in,Oil on Canvas,0,2,paint,2024,maia-2_SQKZ_Riley-Hoff.jpg
30,Bobcat,9 x 12in,Oil with gold dust on Board,100,1,paint,2024,bobcat_SQKZ_Riley-Hoff.jpg
31,Beach in winter,10 x 12in,Oil on Board,1111,2,paint,2024,beachinwinter_SQKZ_Riley-Hoff.jpg
32,Mew,9 x 12in,Oil on Board,150,1,paint,q,mew_SQKZ_Riley-Hoff.jpg
33,Untitled,26 x 26in,Oil on Canvas,0,3,paint,2022,Untitled-sunsets_SQKZ_Riley-Hoff.jpg
34,Silver Tree,9 x 12in,Oil on Paper,1111,0,paint,2022,Silver-tree_SQKZ_Riley-Hoff.jpg
35,Sunday,18 x 12in,Oil on Canvas,250,3,paint,2022,Sunday_SQKZ_Riley-Hoff.jpg
36,turns,16 x 20in,Oil on Canvas,1111,3,paint,2022,turns_SQKZ_Riley-Hoff.jpg
37,Horse study,9 x 12in,Oil on Board,1111,2,paint,2024,horse-study_SQKZ_Riley-Hoff.jpg
38,Bowl,14 x 14in,Oil on Canvas,1111,2,paint,2022,bowl_SQKZ_Riley-Hoff.jpg
39,Brothers,9 x 12in,Oil on Paper,0,1,paint,2022,Brothers_SQKZ_Riley-Hoff.jpg
40,Sandy Beach,16 x 20in,Oil on Canvas,1111,2,paint,2022,Sandy-beach_SQKZ_Riley-Hoff.jpg
41,Horse study II,9 x 12in,Oil on Board,1111,1,paint,2024,horse-2_SQKZ_riley-hoff.jpg
42,Self Portrait with Olive Branch,16 x 20in,Oil on Canvas,250,3,paint,2022,Self-portrait-olive_SQKZ_Riley-Hoff.jpg
43,Central Park,8 x 12in,Oil on Canvas,150,1,paint,2022,Central-park_SQKZ_Riley-Hoff.jpg
44,Swan II,10 x 14in,Oil on Canvas,0,2,paint,2022,swan2_SQKZ_Riley-Hoff.jpg
45,ACIHR,8 x 12in,Oil on Canvas,1111,2,paint,2022,ACIHR_SQKZ_Riley-Hoff.jpg
46,Fall,8 x 12in,Oil on Canvas,1111,1,paint,2022,Fall_SQKZ_Riley-Hoff.jpg
47,Gelle Fra,8 x 10in,Oil on Board,0,1,paint,q,GelleFra_SQKZ_Riley-Hoff.jpg
48,Untitled.,8 x 10in,Oil on Board,0,4,paint,q,untitledportrait1_SQKZ_Riley-Hoff.jpg
49,Gigi with cut on her paw,,Oil on Board,0,1,paint,2022,gigi-red-carpet_SQKZ_Riley-Hoff.jpg
50,San Diego,9 x 16in,Oil on Paper,60,1,paint,2024,sandiego_SQKZ_Riley-Hoff.jpg
51,Self Portrait with Guitar,9 x 12in,Oil on Paper,50,1,paint,2022,self-portrait-with-guitar_SQKZ_Riley-Hoff.jpg
52,Summer in Winter,,Oil on Canvas,200,1,paint,q,summerinwinter_SQKZ_Riley-Hoff.jpg
53,Shell,16 x 20in,Oil on Canvas,250,1,paint,2022,Shell_SQKZ_Riley-Hoff.jpg
54,Maia,9 x 12in,Oil on Paper,0,1,paint,2022,Maia_SQKZ_Riley-Hoff.jpg
55,Dress Shoes,9 x 12in,Oil on Board,1111,2,paint,2024,dress-shoes_SQKZ_Riley-Hoff.jpg
56,Hawaii,15 x 19in,Oil on Canvas,1111,3,paint,2022,Hawaii_SQKZ_Riley-Hoff.jpg
57,Lands End II,16 x 20in,Oil on Canvas,250,3,paint,2022,Lands-End-2_SQKZ_Riley-Hoff.jpg
58,Gaze,,Oil on Canvas,150,1,paint,2022,gaze_SQKZ_Riley-Hoff.jpg
59,Sunburn,22 x 18in,Oil on Canvas,1111,3,paint,q,sunburn_SKQZ_Riley-Hoff.jpg
60,Pacific St,24 x 30in,Acrylic on Canvas,0,2,paint,2019,Pacific-St_SQKZ_Riley-Hoff.jpg
61,Toile,16 x 20in,Oil on Canvas,1111,5,paint,q,toile_SQKZ_Riley-Hoff.jpg
62,Espresso Martini,7.5 x 10in,Oil on Paper,60,1,paint,2024,espresso_SQKZ_Riley-Hoff.webp
63,Grand Army Plaza,11 x 14in,Oil on Paper,1111,1,paint,2022,grand-army-plaza_SQKZ_Riley-Hoff.jpg
64,Secondary,,Oil on Canvas,0,1,paint,q,secondary_SQKZ_Riley-Hoff.jpg
65,Iris,8 x 10in,Oil on Board,150,1,paint,q,iris_SQKZ_Riley-Hoff.jpg
66,Untitled.,20 x 17in,Oil on Canvas,300,2,paint,q,Untitled-Gold_SQKZ_Riley-Hoff.jpg
67,Untitled.,11 x 14in,Oil on Paper,50,2,paint,2022,cat_SQKZ_Riley-Hoff.jpg
68,Chantal II,14 x 14in,Oil on Canvas,150,1,paint,q,chantal%202_SKQZ_Riley-Hoff.jpg
69,Rodin,8 x 10in,Oil on Canvas,1111,2,paint,q,rodin_SQKZ_Riley-Hoff.jpg
70,Bella at Home,,Oil on Canvas,0,2,paint,2022,bella-at-home_SQKZ_Riley-Hoff.jpg
71,Morning,22 x 18in,Acrylics on Canvas,500,2,paint,thesis,Morning_SQKZ_Riley-Hoff.jpg
72,Wine Still Life,8 x 10in,Oil on Board,1111,1,paint,q,wine_SQKZ_Riley-Hoff.jpg
73,Orchids,14 x 18in,Oil on Canvas Board,500,6,paint,q,Orchids_SQKZ_Riley-Hoff.jpg
74,Untitled,9 x 12in,Oil on Board,1111,2,paint,q,Untitled%20flower%202_SQKZ_Riley-Hoff.jpg
75,Chantal,8 x 12in,Acrylics on Canvas,200,2,paint,2019,Chantal_SQKZ_Riley-Hoff.jpg
76,Dog on Tiles,8 x 10in,Oil on Board,150,4,paint,q,dogontiles_SQKZ_Riley-Hoff.jpg
77,Exit 2,18 x 20in,Oil on Canvas Panel,1111,1,paint,q,Exit2_SQKZ_Riley-Hoff.jpg
78,Danville,21 x 26in,Acrylics on Canvas,1111,2,paint,thesis,Danville_SQKZ_Riley-Hoff.jpg
79,River,8 x 12in,Oil on Canvas,150,1,paint,q,river_SKQZ_Riley-Hoff.jpg
80,Before,8 x 10in,Oil on Board,1111,1,paint,q,Before_SQKZ_Riley-Hoff.jpg
81,Untitled.,14 x 14in,Oil on Canvas,150,1,paint,q,late_SQKZ_Riley-Hoff.jpg
82,Jorja,,Oil on Paper,100,1,paint,q,jorja_SKQZ_Riley-Hoff.jpg
83,Palm Oil,14 x 14in,Oil on Canvas,250,1,paint,q,Palm-Oil_SQKZ_Riley-Hoff.jpg
84,Distance,10 x 14in,Acrylics on Canvas,0,0,paint,2019,Distance_SQKZ_Riley-Hoff.jpg
85,Self Portrait with Dells,8 x 10in,Oil on Board,150,1,paint,q,Self-Portrait-Dells_SQKZ_Riley-Hoff.jpg
86,Lavender II,8 x 8in,Acrylics on Canvas,100,3,paint,thesis,Lavender%20II_SQKZ_Riley-Hoff.jpg
87,Self Portrait at Night,8 x 10in,Oil on Board,150,3,paint,q,selfportraitatnight_SQKZ_Riley-Hoff.jpg
88,Ray,10 x 14in,Acrylics on Canvas,200,0,paint,2019,Ray_SQKZ_Riley-Hoff.jpg
89,Engulf,22 x 18in,Acrylics on Canvas,0,0,paint,2019,Engulf_SQKZ_Riley-Hoff.jpg
90,Lavender,24 x 16in,Acrylics on Canvas,500,3,paint,thesis,Lavender_SQKZ_Riley-Hoff.jpg
91,Communication,30 x 22in,Acrylics on Canvas,0,2,paint,thesis,Communication_SQKZ_Riley-Hoff.jpg
92,Flower Still Life with Lavender,10 x 14in,Acrylics on Board,1111,0,paint,2019,Flower%20Still%20Life%20with%20Lavender_SQKZ_Riley-Hoff.jpg
93,Here,20 x 20in,Acrylics on Canvas,500,3,paint,thesis,Here_SQKZ_Riley-Hoff.jpg
94,Here II,8 x 8in,Acrylics on Canvas,100,3,paint,thesis,Here%20II_SQKZ_Riley-Hoff.jpg
95,Knife,,Oil on Paper,30,1,paint,2022,knife_SQKZ_Riley-Hoff.jpg
96,Lands End,,Oil on Paper,1111,1,paint,2022,lands-end_SQKZ_Riley-Hoff.jpg
97,Dusk,24 x 18in,Acrylics on Board,250,0,paint,2019,Dusk_SQKZ_Riley-Hoff.jpg
98,Untitled.,9 x 12in,Oil on Paper,0,1,paint,2022,bella-blue_SQKZ_Riley-Hoff.jpg
99,Emerald,,Acrylics on Paper,0,0,paint,2019,Emerald_SQKZ_Riley-Hoff.jpg
100,Arizona II,8 x 8in,Acrylics on Canvas,100,3,paint,thesis,Arizona%20II_SQKZ_Riley-Hoff.jpg
101,Arizona,22 x 18in,Acrylics on Canvas,0,3,paint,thesis,Arizona_SQKZ_Riley-Hoff.jpg
102,Valentine,10 x 10in,Acrylics on Canvas,1111,0,paint,2019,Valentine_SQKZ_Riley-Hoff.jpg
103,Rust,8 x 10in,Acylics on Canvas,1111,1,paint,2019,Rust_SQKZ_Riley-Hoff.jpg
104,Untitled (flowers),10 x 14in,Acrylics on Canvas,100,0,paint,2019,Untitled%20flowers_SQKZ_Riley-Hoff.jpg
105,Marble,8 x 10in,Acrylics on Board,250,1,paint,2019,Marble_SQKZ_Riley-Hoff.jpg
106,Untitled (hands),10 x 14in,Acrylics on Canvas,100,0,paint,2019,Untitled%20hands_SQKZ_Riley-Hoff.jpg
107,Still Life with Lime,14 x 10in,Acrylics on Canvas,1111,0,paint,2019,Still%20Life%20with%20Lime_SQKZ_Riley-Hoff.jpg
108,Iceland,8 x 36in,Oil on Canvas,300,6,paint,2022,Iceland_SQKZ_Riley-Hoff.jpg
109,Morning II,8 x 8in,Acrylics on Canvas,100,2,paint,thesis,Morning%20II_SQKZ_Riley-Hoff.jpg
110,Self Portrait with Flowers,22 x 18in,Acrylics on Canvas,1111,0,paint,2019,Self%20Portrait%20with%20Flowers_SQKZ_Riley-Hoff.jpg
111,Gigi,Unknown,Acrylics on Canvas,0,0,paint,2019,Gigi_SQKZ_Riley-Hoff.jpg
112,Coup,5 x 6.5in,Charcoal on Paper,1111,1,draw,2024,coup_SQKZ_Riley-Hoff.webp
113,Swan,5 x 6.5in,Charcoal on Paper,0,1,draw,2024,swan-c_SQKZ_Riley-Hoff.webp
114,Runner - Cover Art,8 x 8in,Charcoal on Paper,100,0,draw,2024,Runner_SQKZ_Riley-Hoff.jpg
115,Voices Stuck - Cover Art,8 x 8in,Charcoal and Graphite on Paper,1111,0,draw,2024,VS_SQKZ_Riley-Hoff.jpg
116,Avoid the Wait - Cover Art,8 x 8in,Charcoal and Graphite on Paper,100,0,draw,2024,ATW_SQKZ_Riley-Hoff.jpg
117,Untitled,5 x 7in,Charcoal on Paper,1111,1,draw,2024,cat_SQKZ_Riley-Hoff.jpg
118,Olive,9 x 12in,Graphite on Paper,50,1,draw,2024,olive_SQKZ_Riley-Hoff.jpg
119,Luxembourg,15 x 24in,Charcoal on Paper,250,2,draw,2019,Luxembourg_SQKZ_Riley-Hoff.jpg
120,Munich,15 x 24in,Charcoal on Paper,250,2,draw,2019,Munich_SQKZ_Riley-Hoff.jpg
121,My bed for a bit,,Charcoal on Paper,0,1,draw,2019,My%20bed%20for%20a%20bit_SQKZ_Riley-Hoff.jpg
122,Sense,9 x 12in,Charcoal on Paper,1111,1,draw,2022,Sense_SQKZ_Riley-Hoff.jpg
123,Nothing.,7.5 x 11in,Charcoal on Paper,0,1,draw,2019,Nothing_SQKZ_Riley-Hoff.jpg
124,Lie,24 x 30in,Charcoal on Paper,100,1,draw,2022,lie_SQKZ_Riley-Hoff.jpg
125,Ilie,9 x 12in,Charcoal on Paper,0,0,draw,2019,Ilie_SQKZ_Riley-Hoff.jpg
126,Swan,11 x 14in,Charcoal on Paper,1111,1,draw,2022,swan_SQKZ_Riley-Hoff.jpg
127,Untitled.,,Charcoal on Paper,150,1,draw,2022,Chive_SQKZ_Riley-Hoff.jpg
128,Aimee,9 x 12in,Charcoal on Paper,100,1,draw,2022,Aimee_SQKZ_Riley-Hoff.jpg
129,Unititled.,22 x 30in,Charcoal on Paper,200,2,draw,2019,untitled-palm-tree_SQKZ_Riley-Hoff.jpg
130,jaiksen,9 x 12in,Charcoal on Paper,200,1,draw,2022,jaiksen_SQKZ_Riley-Hoff.jpg
131,Untitled.,-,Charcoal on Paper,100,1,draw,2022,untitledportrait2_SQKZ_Riley-Hoff.jpg
132,"Bella, Profile",11 x 14in,Charcoal on Paper,0,2,draw,2022,bella-profile_SQKZ_Riley-Hoff.jpg
133,Night I,9 x 12in,Charcoal on Paper,50,1,draw,2022,night1_SQKZ_Riley-Hoff.jpg
134,Night II,9 x 12in,Charcoal on Paper,1111,1,draw,2022,night2_SQKZ_Riley-Hoff.jpg
135,Night III,9 x 12in,Charcoal on Paper,50,1,draw,2022,night3_SQKZ_Riley-Hoff.jpg
136,Fiat,9 x 12in,Charcoal and Graphite on Paper,1111,1,draw,2022,Fiat_SQKZ_Riley-Hoff.jpg
137,Clairity,22 x 30in,Charcoal on Paper,250,0,draw,2019,Clairity_SQKZ_Riley-Hoff.jpg
138,Timeline,30 x 22in,Charcoal on Paper,250,0,draw,2019,Timeline_SQKZ_Riley-Hoff.jpg
139,Raspberries,"31 x 22in, Diptych",Charcoal on Paper,250,2,draw,2018,Raspberries_SQKZ_Riley-Hoff.jpg
140,Devotion,22 x 30in,Charcoal on Paper,250,0,draw,2018,Devotion_SQKZ_Riley-Hoff.jpg
141,Fracture,22 x 22in,Charcoal on Paper,250,0,draw,2018,Fracture_SQKZ_Riley-Hoff.jpg
142,Gigi on bed.,9 x 12in,Charcoal on Paper,0,1,draw,2019,Gigi-on-Bed_SQKZ_Riley-Hoff.jpg
143,Still I Wonder Why,20 x 28in,Charcoal on Paper,100,0,draw,2018,Still%20I%20Wonder%20Why_SQKZ_Riley-Hoff.jpg
144,Untitled Sketch,,Pencil on Paper,0,0,draw,2019,Untitled%20Sketch_SQKZ_Riley-Hoff.jpg
145,Blue Tree,16 x 12in ,Framed photo,0,2,misc,photo,blue-tree_SQKZ_riley-hoff.jpg
146,Broke Bais Cover Art,,Digtal art,0,0,misc,gd,MG-bobcat_SQKZ_Riley-Hoff.jpg
147,Broke Bais Cover Art,,Digtal art,0,0,misc,gd,MeadowGates_SQKZ_Riley-Hoff.jpg
148,Untitled Collage,12 x 12in,Mixed Media,0,4,misc,collage,Untitled-Collage_SQKZ_Riley-Hoff.jpg
149,At Sea,,Collage,0,0,misc,collage,At%20Sea_SQKZ_Riley-Hoff.jpg
150,Last Night I,,"Collage, Photography",0,0,misc,ln,Last%20Night%20I_SQKZ_Riley-Hoff.jpg
151,Last Night II,,"Collage, Photography",0,0,misc,ln,Last%20Night%20II_SQKZ_Riley-Hoff.jpg
152,Last Night III,,"Collage, Photography",0,0,misc,ln,Last%20Night%20III_SQKZ_Riley-Hoff.jpg
153,Last Night IV,,"Collage, Photography",0,0,misc,ln,Last%20Night%20IV_SQKZ_Riley-Hoff.jpg
154,Last Night V,,"Collage, Photography",0,0,misc,ln,Last%20Night%20V_SQKZ_Riley-Hoff.jpg
155,Last Night VI,,"Collage, Photography",0,0,misc,ln,Last%20Night%20VI_SQKZ_Riley-Hoff.jpg
156,Teal,2 x 7in,Collage,0,1,misc,collage,teal_SQKZ_Riley-Hoff.jpg
157,Untitled Collage 6,3.5 x 4in,Collage,0,1,misc,collage,colage6_SQKZ_Riley-Hoff.jpg
158,Peitra,,Collage,0,1,misc,collage,peitra_SQKZ_Riley-Hoff.jpg
159,Untitled Collage 4,,Collage,0,1,misc,collage,collage-IV_SQKZ_Riley-Hoff.jpg
160,Untitled Collage 1,,Collage,0,1,misc,collage,DSC_0672_SQKZ_Riley-Hoff.jpg
161,Untitled Collage 7,,Collage,0,1,misc,collage,collage-7_SQKZ_Riley-Hoff.jpg
162,Untitled.,Digital,Photography,0,0,misc,photo,aus-dog_SQKZ_Riley-Hoff.jpg
163,$$$$,,"Collage, Mixed Media",0,0,misc,collage,moneyy_SQKZ_Riley-Hoff.jpg
164,Untitled.,Digital,Photography,0,0,misc,photo,glasses_SQKZ_Riley-Hoff.jpg
165,Untitled.,Digital,Photography,0,0,misc,photo,birthday_SQKZ_Riley-Hoff.jpg
166,Untitled.,Digital,Photography,0,0,misc,photo,newspaper_SQKZ_Riley-Hoff-14.jpg
167,Untitled.,Digital,Photography,0,0,misc,photo,buttin_SQKZ_Riley-Hoff.jpg
168,Untitled.,Digital,Photography,0,0,misc,photo,Car_Datsun_SQKZ_Riley-Hoff.jpg
169,Untitled.,Digital,Photography,0,0,misc,photo,angel-gigi_SQKZ_Riley-Hoff.jpg
170,Untitled.,Digital,Photography,0,0,misc,photo,Eye_SQKZ_Riley-Hoff.jpg
171,Untitled.,Digital,Photography,0,0,misc,photo,Austria_SQKZ_Riley-Hoff.jpg
172,Untitled.,Digital,Photography,0,0,misc,photo,Subway_SQKZ_Riley-Hoff.jpg
173,Untitled.,Digital,Photography,0,0,misc,photo,Burlington-Self-Portait-1_SQKZ_Riley-Hoff.jpg
174,Untitled.,Digital,Photography,0,0,misc,photo,L_Great-Ocean-Road_SQKZ_Riley-Hoff_50.jpg
175,Untitled.,Digital,Photography,0,0,misc,photo,Raspberries-1_SQKZ_Riley-Hoff.jpg
176,Untitled.,Digital,Photography,0,0,misc,photo,Raspberries-2_SQKZ_Riley-Hoff.jpg
177,Untitled.,Digital,Photography,0,0,misc,photo,sprig_SQKZ_Riley-Hoff.jpg
178,Self Portrait,Digital,Photography,0,0,misc,photo,self%20Portrait__SQKZ_Riley-Hoff.jpg
179,Untitled.,Digital,Photography,0,0,misc,photo,Brooklyn-Great-Army-Plaza_SQKZ_Riley-Hoff.jpg